Название,Цена,Ссылка
Диван прямой Аронт Мини Velvet Pink,62690,Ссылка не найдена
Кресло Орхет Velvet Marsala,19790,Ссылка не найдена
Диван прямой Спейс Velvet Olive,74790,Ссылка не найдена
Диван прямой Мелоу Velvet Beige,60490,Ссылка не найдена
Пуф Кропс Bucle Lilac,10990,Ссылка не найдена
Диван прямой Клаймар Velvet Terra,69290,Ссылка не найдена
Кресло Лучето Bucle Dark Blue,14290,Ссылка не найдена
Диван угловой Нордика мини Velvet Olive,60490,Ссылка не найдена
Кресло Пайл Textile Ginger,29690,Ссылка не найдена
Диван прямой Льери Мини Velvet Yellow,71490,Ссылка не найдена
Кресло Кенсол Velvet Blue,21990,Ссылка не найдена
Кресло поворотное Теоп Bucle Beige,40690,Ссылка не найдена
Диван прямой Нумо Velvet Green,43990,Ссылка не найдена
Диван угловой Онте Bucle Silver,120990,Ссылка не найдена
Кресло Грейн Textile Olive,14290,Ссылка не найдена
Диван прямой Ларонсо Soft Latte,106690,Ссылка не найдена
Пуф Ринт Bucle Blue,13190,Ссылка не найдена
Кресло Витио Velvet Yellow,25290,Ссылка не найдена
Диван прямой Эби Velvet Coral,73690,Ссылка не найдена
Кресло Лонди Cozy Ivory,48390,Ссылка не найдена
Пуф Корк Velvet Moss,12090,Ссылка не найдена
Диван модульный Риббл-1 Bucle Mint,86880,Ссылка не найдена
Кресло Пайпел-2 Bucle Forest,46190,Ссылка не найдена
Диван прямой Виена Velvet Smoke,71490,Ссылка не найдена
Диван прямой Види Textile Navy Blue,29690,Ссылка не найдена
Диван угловой Аллаум Linia Stone,62690,Ссылка не найдена
Кресло Ансил Bucle Milk,35190,Ссылка не найдена
Диван угловой Аронт Мини Velvet Olive,65990,Ссылка не найдена
Диван модульный Brera-8 Bucle Beige,180370,Ссылка не найдена
Диван прямой Сваут Velvet Mustard,74790,Ссылка не найдена
Диван прямой Тилар Cozy Milk,35190,Ссылка не найдена
Диван прямой Инес Vertical Blue,52790,Ссылка не найдена
Кресло Тилар Textile Yellow,26390,Ссылка не найдена
Диван прямой Лави Velvet Moss,50590,Ссылка не найдена
Диван угловой Эдвин Velvet Terra,84690,Ссылка не найдена
Диван угловой Дарол Velvet Silver,75890,Ссылка не найдена
Диван прямой Терм Velvet Beige,76990,Ссылка не найдена
Диван прямой Лилле Velvet Atlantic,51690,Ссылка не найдена
Кресло Кото Cozy Beige,36290,Ссылка не найдена
Диван прямой Бонент Velvet Eclipse,91290,Ссылка не найдена
Диван прямой Нумо Мини Textile Light,29690,Ссылка не найдена
Пуф Кофи Velvet Light,5050,Ссылка не найдена
Диван угловой Нордика мини Velvet Coral,60490,Ссылка не найдена
Диван угловой Стаус Velvet Olive,47290,Ссылка не найдена
Кресло Винси Textile Ginger,23090,Ссылка не найдена
Диван прямой Рон Textile Grafit,60490,Ссылка не найдена
Банкетка Вайли Velvet Light,13190,Ссылка не найдена
Диван прямой Ольен Velvet Navy Blue,73690,Ссылка не найдена
